{"cameraMode":{"drawMode":0,"name":"Shaded","section":"Shading Mode"},"sceneLighting":false,"audioPlay":false,"sceneViewState":{"m_AlwaysRefresh":false,"showFog":true,"showSkybox":false,"showFlares":true,"showImageEffects":true,"showParticleSystems":true,"showVisualEffectGraphs":true,"m_FxEnabled":true},"in2DMode":false,"pivot":{"x":0.35029900074005129,"y":0.4703044295310974,"z":-0.12052394449710846},"rotation":{"x":0.03030591830611229,"y":0.7068831920623779,"z":-0.03034268692135811,"w":0.7060338854789734},"size":1.6658694744110108,"orthographic":true}