{"cameraMode":{"drawMode":0,"name":"Shaded","section":"Shading Mode"},"sceneLighting":false,"audioPlay":false,"sceneViewState":{"m_AlwaysRefresh":false,"showFog":true,"showSkybox":false,"showFlares":true,"showImageEffects":true,"showParticleSystems":true,"showVisualEffectGraphs":true,"m_FxEnabled":true},"in2DMode":false,"pivot":{"x":0.4156535863876343,"y":0.34788209199905398,"z":1.061031460762024},"rotation":{"x":0.03030591830611229,"y":0.7068831920623779,"z":-0.03034268692135811,"w":0.7060338854789734},"size":14.472785949707032,"orthographic":true}