{"cameraMode":{"drawMode":0,"name":"Shaded","section":"Shading Mode"},"sceneLighting":false,"audioPlay":false,"sceneViewState":{"m_AlwaysRefresh":false,"showFog":true,"showSkybox":false,"showFlares":true,"showImageEffects":true,"showParticleSystems":true,"showVisualEffectGraphs":true,"m_FxEnabled":true},"in2DMode":false,"pivot":{"x":0.31500351428985598,"y":0.10883551836013794,"z":0.03671209514141083},"rotation":{"x":0.037776317447423938,"y":0.7562483549118042,"z":-0.0438339002430439,"w":0.6517240405082703},"size":1.445911169052124,"orthographic":true}