{"cameraMode":{"drawMode":0,"name":"Shaded","section":"Shading Mode"},"sceneLighting":true,"audioPlay":false,"sceneViewState":{"m_AlwaysRefresh":false,"showFog":true,"showSkybox":true,"showFlares":true,"showImageEffects":true,"showParticleSystems":true,"showVisualEffectGraphs":true,"m_FxEnabled":true},"in2DMode":false,"pivot":{"x":-2.117898464202881,"y":0.8046451807022095,"z":-46.9494743347168},"rotation":{"x":0.11355964839458466,"y":0.34688907861709597,"z":-0.042355600744485858,"w":0.930042564868927},"size":0.7771983742713928,"orthographic":true}